URL,Version,Status,OIDs,Name,Title,Descriptino,Uses,Used,Sources
http://va.gov/fhir/ValueSet/ARBillStatus,1.4.10,active,,ARBillStatus,ARBillStatus FHIR,"FHIR Target ValueSet for Terminology Maps [VF_ARBillStatus](ConceptMap-VF-ARBillStatus.html)","StructureDefinition/DebtPortalInvoice,ConceptMap/VF-ARBillStatus","hl7.fhir.r4.core"
http://va.gov/fhir/ValueSet/ARBillStatus-vista,1.4.10,active,,ARBillStatus_VistA,ARBillStatus VistA,"VistA Source ValueSet for Terminology Maps [VF_ARBillStatus](ConceptMap-VF-ARBillStatus.html)","ConceptMap/VF-ARBillStatus","Other"
http://va.gov/fhir/ValueSet/AntibioticSensitivityInterpretation,1.4.10,active,,AntibioticSensitivityInterpretation,AntibioticSensitivityInterpretation FHIR,"FHIR Target ValueSet for Terminology Maps [VF_AntibioticSensitivityInterpretation](ConceptMap-VF-AntibioticSensitivityInterpretation.html)","ConceptMap/VF-AntibioticSensitivityInterpretation,StructureDefinition/LabObservationMicrobiologyBacteriologyObservation","THO (V3)"
http://va.gov/fhir/ValueSet/AntibioticSensitivityInterpretation-vista,1.4.10,active,,AntibioticSensitivityInterpretation_VistA,AntibioticSensitivityInterpretation VistA,"VistA Source ValueSet for Terminology Maps [VF_AntibioticSensitivityInterpretation](ConceptMap-VF-AntibioticSensitivityInterpretation.html)","ConceptMap/VF-AntibioticSensitivityInterpretation","Other"
http://va.gov/fhir/ValueSet/AppointmentCancellationReason,1.4.10,active,,AppointmentCancellationReason,AppointmentCancellationReason FHIR,"FHIR Target ValueSet for Terminology Maps [VF_AppointmentCancellationReason](ConceptMap-VF-AppointmentCancellationReason.html)","StructureDefinition/Appointment,ConceptMap/VF-AppointmentCancellationReason","THO"
http://va.gov/fhir/ValueSet/AppointmentCancellationReason-vista,1.4.10,active,,AppointmentCancellationReason_VistA,AppointmentCancellationReason VistA,"VistA Source ValueSet for Terminology Maps [VF_AppointmentCancellationReason](ConceptMap-VF-AppointmentCancellationReason.html)","ConceptMap/VF-AppointmentCancellationReason","Other"
http://va.gov/fhir/ValueSet/AppointmentStatus,1.4.10,active,,AppointmentStatus,AppointmentStatus FHIR,"FHIR Target ValueSet for Terminology Maps [VF_AppointmentStatus](ConceptMap-VF-AppointmentStatus.html)","StructureDefinition/Appointment,ConceptMap/VF-AppointmentStatus","hl7.fhir.r4.core"
http://va.gov/fhir/ValueSet/AppointmentStatus-vista,1.4.10,active,,AppointmentStatus_VistA,AppointmentStatus VistA,"VistA Source ValueSet for Terminology Maps [VF_AppointmentStatus](ConceptMap-VF-AppointmentStatus.html)","ConceptMap/VF-AppointmentStatus","Other"
http://va.gov/fhir/ValueSet/Boolean,1.4.10,active,,Boolean,Boolean FHIR,"FHIR Target ValueSet for Terminology Maps [VF_Boolean](ConceptMap-VF-Boolean.html)","ConceptMap/VF-Boolean","FHIR"
http://va.gov/fhir/ValueSet/Boolean-vista,1.4.10,active,,Boolean_VistA,Boolean VistA,"VistA Source ValueSet for Terminology Maps [VF_Boolean](ConceptMap-VF-Boolean.html)","ConceptMap/VF-Boolean","Other"
http://va.gov/fhir/ValueSet/CommunicationQualifier,1.4.10,active,,CommunicationQualifier,CommunicationQualifier FHIR,"FHIR Target ValueSet for Terminology Maps [VF_CommunicationQualifier](ConceptMap-VF-CommunicationQualifier.html)","ConceptMap/VF-CommunicationQualifier","Other"
http://va.gov/fhir/ValueSet/CommunicationQualifier-vista,1.4.10,active,,CommunicationQualifier_VistA,CommunicationQualifier VistA,"VistA Source ValueSet for Terminology Maps [VF_CommunicationQualifier](ConceptMap-VF-CommunicationQualifier.html)","ConceptMap/VF-CommunicationQualifier","Other"
http://va.gov/fhir/ValueSet/CoverageRelationship,1.4.10,active,,CoverageRelationship,CoverageRelationship FHIR,"FHIR Target ValueSet for Terminology Maps [VF_CoverageRelationship](ConceptMap-VF-CoverageRelationship.html)","ConceptMap/VF-CoverageRelationship","THO"
http://va.gov/fhir/ValueSet/CoverageRelationship-vista,1.4.10,active,,CoverageRelationship_VistA,CoverageRelationship VistA,"VistA Source ValueSet for Terminology Maps [VF_CoverageRelationship](ConceptMap-VF-CoverageRelationship.html)","ConceptMap/VF-CoverageRelationship","Other"
http://va.gov/fhir/ValueSet/CoverageStatusForce,1.4.10,active,,CoverageStatusForce,CoverageStatusForce FHIR,"FHIR Target ValueSet for Terminology Maps [VF_CoverageStatusForce](ConceptMap-VF-CoverageStatusForce.html)","ConceptMap/VF-CoverageStatusForce","FHIR"
http://va.gov/fhir/ValueSet/CoverageStatusForce-vista,1.4.10,active,,CoverageStatusForce_VistA,CoverageStatusForce VistA,"VistA Source ValueSet for Terminology Maps [VF_CoverageStatusForce](ConceptMap-VF-CoverageStatusForce.html)","ConceptMap/VF-CoverageStatusForce","Other"
http://va.gov/fhir/ValueSet/DPPLungCancerScreening,1.4.10,active,,DPPLungCancerScreening,DPPLungCancerScreening FHIR,"FHIR Target ValueSet for Terminology Maps [VF_DPPLungCancerScreening](ConceptMap-VF-DPPLungCancerScreening.html)","StructureDefinition/DecisionPrecisionPlusObservationsmoking,ConceptMap/VF-DPPLungCancerScreening","SCT,Other"
http://va.gov/fhir/ValueSet/DPPLungCancerScreening-vista,1.4.10,active,,DPPLungCancerScreening_VistA,DPPLungCancerScreening VistA,"VistA Source ValueSet for Terminology Maps [VF_DPPLungCancerScreening](ConceptMap-VF-DPPLungCancerScreening.html)","ConceptMap/VF-DPPLungCancerScreening","Other"
http://va.gov/fhir/ValueSet/DPPLungCancerScreeningDec,1.4.10,active,,DPPLungCancerScreeningDec,DPPLungCancerScreeningDec FHIR,"FHIR Target ValueSet for Terminology Maps [VF_DPPLungCancerScreeningDec](ConceptMap-VF-DPPLungCancerScreeningDec.html)","StructureDefinition/DecisionPrecisionPlusObservation,ConceptMap/VF-DPPLungCancerScreeningDec","SCT"
http://va.gov/fhir/ValueSet/DPPLungCancerScreeningDec-vista,1.4.10,active,,DPPLungCancerScreeningDec_VistA,DPPLungCancerScreeningDec VistA,"VistA Source ValueSet for Terminology Maps [VF_DPPLungCancerScreeningDec](ConceptMap-VF-DPPLungCancerScreeningDec.html)","ConceptMap/VF-DPPLungCancerScreeningDec","Other"
http://va.gov/fhir/ValueSet/DPPLungCancerScreeningOE,1.4.10,active,,DPPLungCancerScreeningOE,DPPLungCancerScreeningOE FHIR,"FHIR Target ValueSet for Terminology Maps [VF_DPPLungCancerScreeningOE](ConceptMap-VF-DPPLungCancerScreeningOE.html)","StructureDefinition/DecisionPrecisionPlusObservationsocial,ConceptMap/VF-DPPLungCancerScreeningOE","SCT"
http://va.gov/fhir/ValueSet/DPPLungCancerScreeningOE-vista,1.4.10,active,,DPPLungCancerScreeningOE_VistA,DPPLungCancerScreeningOE VistA,"VistA Source ValueSet for Terminology Maps [VF_DPPLungCancerScreeningOE](ConceptMap-VF-DPPLungCancerScreeningOE.html)","ConceptMap/VF-DPPLungCancerScreeningOE","Other"
http://va.gov/fhir/ValueSet/DentalDeviceStatus,1.4.10,active,,DentalDeviceStatus,DentalDeviceStatus FHIR,"FHIR Target ValueSet for Terminology Maps [VF_DentalDeviceStatus](ConceptMap-VF-DentalDeviceStatus.html)","StructureDefinition/ImplantableDeviceDental,ConceptMap/VF-DentalDeviceStatus","hl7.fhir.r4.core"
http://va.gov/fhir/ValueSet/DentalDeviceStatus-vista,1.4.10,active,,DentalDeviceStatus_VistA,DentalDeviceStatus VistA,"VistA Source ValueSet for Terminology Maps [VF_DentalDeviceStatus](ConceptMap-VF-DentalDeviceStatus.html)","ConceptMap/VF-DentalDeviceStatus","Other"
http://va.gov/fhir/ValueSet/DiagnosticReportLabStatus,1.4.10,active,,DiagnosticReportLabStatus,DiagnosticReportLabStatus FHIR,"FHIR Target ValueSet for Terminology Maps [VF_DiagnosticReportLabStatus](ConceptMap-VF-DiagnosticReportLabStatus.html)","StructureDefinition/DiagnosticReportNoteElectronMicroscopyDiagnosticReport,StructureDefinition/DiagnosticReportNoteSurgicalPathologyDiagnosticReport,StructureDefinition/LabObservationMicrobiologyMycologyDiagnosticReport,StructureDefinition/LabObservationMicrobiologyDiagnosticReport,StructureDefinition/LabObservationMicrobiologyParasitologyDiagnosticReport,StructureDefinition/LabObservationMicrobiologyVirologyDiagnosticReport,StructureDefinition/DiagnosticReportNoteCytopathologyDiagnosticReport,ConceptMap/VF-DiagnosticReportLabStatus,StructureDefinition/LabObservationMicrobiologyMycobacteriologyDiagnosticReport,StructureDefinition/LabObservationMicrobiologyBacteriologyDiagnosticReport","hl7.fhir.r4.core"
http://va.gov/fhir/ValueSet/DiagnosticReportLabStatus-vista,1.4.10,active,,DiagnosticReportLabStatus_VistA,DiagnosticReportLabStatus VistA,"VistA Source ValueSet for Terminology Maps [VF_DiagnosticReportLabStatus](ConceptMap-VF-DiagnosticReportLabStatus.html)","ConceptMap/VF-DiagnosticReportLabStatus","Other"
http://va.gov/fhir/ValueSet/DoseUnits,1.4.10,active,,DoseUnits,DoseUnits FHIR,"FHIR Target ValueSet for Terminology Maps [VF_DoseUnits](ConceptMap-VF-DoseUnits.html)","StructureDefinition/MedicationDispenseRefill,StructureDefinition/MedicationDispensePartial,ConceptMap/VF-DoseUnits,StructureDefinition/MedicationDispenseOriginal","UCUM"
http://va.gov/fhir/ValueSet/DoseUnits-vista,1.4.10,active,,DoseUnits_VistA,DoseUnits VistA,"VistA Source ValueSet for Terminology Maps [VF_DoseUnits](ConceptMap-VF-DoseUnits.html)","ConceptMap/VF-DoseUnits","Other"
http://va.gov/fhir/ValueSet/ExamResultInterpretation,1.4.10,active,,ExamResultInterpretation,ExamResultInterpretation FHIR,"FHIR Target ValueSet for Terminology Maps [VF_ExamResultInterpretation](ConceptMap-VF-ExamResultInterpretation.html)","ConceptMap/VF-ExamResultInterpretation","THO (V3)"
http://va.gov/fhir/ValueSet/ExamResultInterpretation-vista,1.4.10,active,,ExamResultInterpretation_VistA,ExamResultInterpretation VistA,"VistA Source ValueSet for Terminology Maps [VF_ExamResultInterpretation](ConceptMap-VF-ExamResultInterpretation.html)","ConceptMap/VF-ExamResultInterpretation","Other"
http://va.gov/fhir/ValueSet/ExamStatus,1.4.10,active,,ExamStatus,ExamStatus FHIR,"FHIR Target ValueSet for Terminology Maps [VF_ExamStatus](ConceptMap-VF-ExamStatus.html)","ConceptMap/VF-ExamStatus","hl7.fhir.r4.core"
http://va.gov/fhir/ValueSet/ExamStatus-vista,1.4.10,active,,ExamStatus_VistA,ExamStatus VistA,"VistA Source ValueSet for Terminology Maps [VF_ExamStatus](ConceptMap-VF-ExamStatus.html)","ConceptMap/VF-ExamStatus","Other"
http://va.gov/fhir/ValueSet/ICDCodingSystems,1.4.10,active,,ICDCodingSystems,ICDCodingSystems FHIR,"FHIR Target ValueSet for Terminology Maps [VF_ICDCodingSystems](ConceptMap-VF-ICDCodingSystems.html)","ConceptMap/VF-ICDCodingSystems","Other"
http://va.gov/fhir/ValueSet/ICDCodingSystems-vista,1.4.10,active,,ICDCodingSystems_VistA,ICDCodingSystems VistA,"VistA Source ValueSet for Terminology Maps [VF_ICDCodingSystems](ConceptMap-VF-ICDCodingSystems.html)","ConceptMap/VF-ICDCodingSystems","Other"
http://va.gov/fhir/ValueSet/ICDVersion,1.4.10,active,,ICDVersion,ICDVersion FHIR,"FHIR Target ValueSet for Terminology Maps [VF_ICDVersion](ConceptMap-VF-ICDVersion.html)","ConceptMap/VF-ICDVersion","Other"
http://va.gov/fhir/ValueSet/ICDVersion-vista,1.4.10,active,,ICDVersion_VistA,ICDVersion VistA,"VistA Source ValueSet for Terminology Maps [VF_ICDVersion](ConceptMap-VF-ICDVersion.html)","ConceptMap/VF-ICDVersion","Other"
http://va.gov/fhir/ValueSet/ImageInterpretation,1.4.10,active,,ImageInterpretation,ImageInterpretation FHIR,"FHIR Target ValueSet for Terminology Maps [VF_ImageInterpretation](ConceptMap-VF-ImageInterpretation.html)","StructureDefinition/ObservationImagingResultEKG,ConceptMap/VF-ImageInterpretation,StructureDefinition/ObservationImagingResultEcho","THO (V3)"
http://va.gov/fhir/ValueSet/ImageInterpretation-vista,1.4.10,active,,ImageInterpretation_VistA,ImageInterpretation VistA,"VistA Source ValueSet for Terminology Maps [VF_ImageInterpretation](ConceptMap-VF-ImageInterpretation.html)","ConceptMap/VF-ImageInterpretation","Other"
http://va.gov/fhir/ValueSet/ImageStatus,1.4.10,active,,ImageStatus,ImageStatus FHIR,"FHIR Target ValueSet for Terminology Maps [VF_ImageStatus](ConceptMap-VF-ImageStatus.html)","StructureDefinition/ObservationImagingResultEKG,ConceptMap/VF-ImageStatus,StructureDefinition/ObservationImagingResultEcho","hl7.fhir.r4.core"
http://va.gov/fhir/ValueSet/ImageStatus-vista,1.4.10,active,,ImageStatus_VistA,ImageStatus VistA,"VistA Source ValueSet for Terminology Maps [VF_ImageStatus](ConceptMap-VF-ImageStatus.html)","ConceptMap/VF-ImageStatus","Other"
http://va.gov/fhir/ValueSet/ImageStatusRadNuc,1.4.10,active,,ImageStatusRadNuc,ImageStatusRadNuc FHIR,"FHIR Target ValueSet for Terminology Maps [VF_ImageStatusRadNuc](ConceptMap-VF-ImageStatusRadNuc.html)","ConceptMap/VF-ImageStatusRadNuc,StructureDefinition/ObservationImagingResultRadNuc","hl7.fhir.r4.core"
http://va.gov/fhir/ValueSet/ImageStatusRadNuc-vista,1.4.10,active,,ImageStatusRadNuc_VistA,ImageStatusRadNuc VistA,"VistA Source ValueSet for Terminology Maps [VF_ImageStatusRadNuc](ConceptMap-VF-ImageStatusRadNuc.html)","ConceptMap/VF-ImageStatusRadNuc","Other"
http://va.gov/fhir/ValueSet/ImmunizationReaction,1.4.10,active,,ImmunizationReaction,ImmunizationReaction FHIR,"FHIR Target ValueSet for Terminology Maps [VF_ImmunizationReaction](ConceptMap-VF-ImmunizationReaction.html)","StructureDefinition/ImmunizationObservation,ConceptMap/VF-ImmunizationReaction","SCT,LOINC"
http://va.gov/fhir/ValueSet/ImmunizationReaction-vista,1.4.10,active,,ImmunizationReaction_VistA,ImmunizationReaction VistA,"VistA Source ValueSet for Terminology Maps [VF_ImmunizationReaction](ConceptMap-VF-ImmunizationReaction.html)","ConceptMap/VF-ImmunizationReaction","Other"
http://va.gov/fhir/ValueSet/LabInterpretation,1.4.10,active,,LabInterpretation,LabInterpretation FHIR,"FHIR Target ValueSet for Terminology Maps [VF_LabInterpretation](ConceptMap-VF-LabInterpretation.html)","ConceptMap/VF-LabInterpretation,StructureDefinition/LabObservationChemhemtoxriaserObservation","THO (V3)"
http://va.gov/fhir/ValueSet/LabInterpretation-vista,1.4.10,active,,LabInterpretation_VistA,LabInterpretation VistA,"VistA Source ValueSet for Terminology Maps [VF_LabInterpretation](ConceptMap-VF-LabInterpretation.html)","ConceptMap/VF-LabInterpretation","Other"
http://va.gov/fhir/ValueSet/LabObservationStatus,1.4.10,active,,LabObservationStatus,LabObservationStatus FHIR,"FHIR Target ValueSet for Terminology Maps [VF_LabObservationStatus](ConceptMap-VF-LabObservationStatus.html)","StructureDefinition/LabObservationMicrobiologyParasitologyObservation,StructureDefinition/LabObservationMicrobiologyMycologyObservation,StructureDefinition/LabObservationMicrobiologyMycobacteriologyObservation,StructureDefinition/LabObservationMicrobiologyVirologyObservation,StructureDefinition/LabObservationChemhemtoxriaserObservation,ConceptMap/VF-LabObservationStatus,StructureDefinition/LabObservationMicrobiologyBacteriologyObservation","hl7.fhir.r4.core"
http://va.gov/fhir/ValueSet/LabObservationStatus-vista,1.4.10,active,,LabObservationStatus_VistA,LabObservationStatus VistA,"VistA Source ValueSet for Terminology Maps [VF_LabObservationStatus](ConceptMap-VF-LabObservationStatus.html)","ConceptMap/VF-LabObservationStatus","THO (V2)"
http://va.gov/fhir/ValueSet/LocationStatus,1.4.10,active,,LocationStatus,LocationStatus FHIR,"FHIR Target ValueSet for Terminology Maps [VF_LocationStatus](ConceptMap-VF-LocationStatus.html)","ConceptMap/VF-LocationStatus,StructureDefinition/Location","hl7.fhir.r4.core"
http://va.gov/fhir/ValueSet/LocationStatus-vista,1.4.10,active,,LocationStatus_VistA,LocationStatus VistA,"VistA Source ValueSet for Terminology Maps [VF_LocationStatus](ConceptMap-VF-LocationStatus.html)","ConceptMap/VF-LocationStatus","Other"
http://va.gov/fhir/ValueSet/MaritalStatus,1.4.10,active,,MaritalStatus,MaritalStatus FHIR,"FHIR Target ValueSet for Terminology Maps [VF_MaritalStatus](ConceptMap-VF-MaritalStatus.html)","StructureDefinition/Patient,ConceptMap/VF-MaritalStatus","THO (V3)"
http://va.gov/fhir/ValueSet/MaritalStatus-vista,1.4.10,active,,MaritalStatus_VistA,MaritalStatus VistA,"VistA Source ValueSet for Terminology Maps [VF_MaritalStatus](ConceptMap-VF-MaritalStatus.html)","ConceptMap/VF-MaritalStatus","Other"
http://va.gov/fhir/ValueSet/MicrobiologyUrineScreenResult,1.4.10,active,,MicrobiologyUrineScreenResult,MicrobiologyUrineScreenResult FHIR,"FHIR Target ValueSet for Terminology Maps [VF_MicrobiologyUrineScreenResult](ConceptMap-VF-MicrobiologyUrineScreenResult.html)","StructureDefinition/LabObservationMicrobiologyBacteriologyObservationurine,ConceptMap/VF-MicrobiologyUrineScreenResult","SCT"
http://va.gov/fhir/ValueSet/MicrobiologyUrineScreenResult-vista,1.4.10,active,,MicrobiologyUrineScreenResult_VistA,MicrobiologyUrineScreenResult VistA,"VistA Source ValueSet for Terminology Maps [VF_MicrobiologyUrineScreenResult](ConceptMap-VF-MicrobiologyUrineScreenResult.html)","ConceptMap/VF-MicrobiologyUrineScreenResult","Other"
http://va.gov/fhir/ValueSet/OperatingRoomStatus,1.4.10,active,,OperatingRoomStatus,OperatingRoomStatus FHIR,"FHIR Target ValueSet for Terminology Maps [VF_OperatingRoomStatus](ConceptMap-VF-OperatingRoomStatus.html)","StructureDefinition/ProcedureSurgeryLocationOR,ConceptMap/VF-OperatingRoomStatus","hl7.fhir.r4.core"
http://va.gov/fhir/ValueSet/OperatingRoomStatus-vista,1.4.10,active,,OperatingRoomStatus_VistA,OperatingRoomStatus VistA,"VistA Source ValueSet for Terminology Maps [VF_OperatingRoomStatus](ConceptMap-VF-OperatingRoomStatus.html)","ConceptMap/VF-OperatingRoomStatus","Other"
http://va.gov/fhir/ValueSet/OrderPatientClass,1.4.10,active,,OrderPatientClass,OrderPatientClass FHIR,"FHIR Target ValueSet for Terminology Maps [VF_OrderPatientClass](ConceptMap-VF-OrderPatientClass.html)","ConceptMap/VF-OrderPatientClass","THO"
http://va.gov/fhir/ValueSet/OrderPatientClass-vista,1.4.10,active,,OrderPatientClass_VistA,OrderPatientClass VistA,"VistA Source ValueSet for Terminology Maps [VF_OrderPatientClass](ConceptMap-VF-OrderPatientClass.html)","ConceptMap/VF-OrderPatientClass","Other"
http://va.gov/fhir/ValueSet/OrganizationIdentifierType,1.4.10,active,,OrganizationIdentifierType,OrganizationIdentifierType FHIR,"FHIR Target ValueSet for Terminology Maps [VF_OrganizationIdentifierType](ConceptMap-VF-OrganizationIdentifierType.html)","ConceptMap/VF-OrganizationIdentifierType","Other"
http://va.gov/fhir/ValueSet/OrganizationIdentifierType-vista,1.4.10,active,,OrganizationIdentifierType_VistA,OrganizationIdentifierType VistA,"VistA Source ValueSet for Terminology Maps [VF_OrganizationIdentifierType](ConceptMap-VF-OrganizationIdentifierType.html)","ConceptMap/VF-OrganizationIdentifierType","Other"
http://va.gov/fhir/ValueSet/OutMedRequestStatus,1.4.10,active,,OutMedRequestStatus,OutMedRequestStatus FHIR,"FHIR Target ValueSet for Terminology Maps [VF_OutMedRequestStatus](ConceptMap-VF-OutMedRequestStatus.html)","StructureDefinition/MedicationRequestOutpatient,ConceptMap/VF-OutMedRequestStatus","hl7.fhir.r4.core"
http://va.gov/fhir/ValueSet/OutMedRequestStatus-vista,1.4.10,active,,OutMedRequestStatus_VistA,OutMedRequestStatus VistA,"VistA Source ValueSet for Terminology Maps [VF_OutMedRequestStatus](ConceptMap-VF-OutMedRequestStatus.html)","ConceptMap/VF-OutMedRequestStatus","Other"
http://va.gov/fhir/ValueSet/PersonIdentifierType,1.4.10,active,,PersonIdentifierType,PersonIdentifierType FHIR,"FHIR Target ValueSet for Terminology Maps [VF_PersonIdentifierType](ConceptMap-VF-PersonIdentifierType.html)","ConceptMap/VF-PersonIdentifierType","THO (V2),FHIR"
http://va.gov/fhir/ValueSet/PersonIdentifierType-vista,1.4.10,active,,PersonIdentifierType_VistA,PersonIdentifierType VistA,"VistA Source ValueSet for Terminology Maps [VF_PersonIdentifierType](ConceptMap-VF-PersonIdentifierType.html)","ConceptMap/VF-PersonIdentifierType","Other"
http://va.gov/fhir/ValueSet/PharmacyPersonType,1.4.10,active,,PharmacyPersonType,PharmacyPersonType FHIR,"FHIR Target ValueSet for Terminology Maps [VF_PharmacyPersonType](ConceptMap-VF-PharmacyPersonType.html)","ConceptMap/VF-PharmacyPersonType","THO"
http://va.gov/fhir/ValueSet/PharmacyPersonType-vista,1.4.10,active,,PharmacyPersonType_VistA,PharmacyPersonType VistA,"VistA Source ValueSet for Terminology Maps [VF_PharmacyPersonType](ConceptMap-VF-PharmacyPersonType.html)","ConceptMap/VF-PharmacyPersonType","Other"
http://va.gov/fhir/ValueSet/PractitionerCountry,1.4.10,active,,PractitionerCountry,PractitionerCountry FHIR,"FHIR Target ValueSet for Terminology Maps [VF_PractitionerCountry](ConceptMap-VF-PractitionerCountry.html)","ConceptMap/VF-PractitionerCountry","FHIR"
http://va.gov/fhir/ValueSet/PractitionerCountry-vista,1.4.10,active,,PractitionerCountry_VistA,PractitionerCountry VistA,"VistA Source ValueSet for Terminology Maps [VF_PractitionerCountry](ConceptMap-VF-PractitionerCountry.html)","ConceptMap/VF-PractitionerCountry","Other"
http://va.gov/fhir/ValueSet/ProcedureCodeSystem,1.4.10,active,,ProcedureCodeSystem,ProcedureCodeSystem FHIR,"FHIR Target ValueSet for Terminology Maps [VF_ProcedureCodeSystem](ConceptMap-VF-ProcedureCodeSystem.html)","ConceptMap/VF-ProcedureCodeSystem","Other"
http://va.gov/fhir/ValueSet/ProcedureCodeSystem-vista,1.4.10,active,,ProcedureCodeSystem_VistA,ProcedureCodeSystem VistA,"VistA Source ValueSet for Terminology Maps [VF_ProcedureCodeSystem](ConceptMap-VF-ProcedureCodeSystem.html)","ConceptMap/VF-ProcedureCodeSystem","Other"
http://va.gov/fhir/ValueSet/RadiologyProcedureStatus,1.4.10,active,,RadiologyProcedureStatus,RadiologyProcedureStatus FHIR,"FHIR Target ValueSet for Terminology Maps [VF_RadiologyProcedureStatus](ConceptMap-VF-RadiologyProcedureStatus.html)","StructureDefinition/ProcedureRadiology,ConceptMap/VF-RadiologyProcedureStatus","hl7.fhir.r4.core"
http://va.gov/fhir/ValueSet/RadiologyProcedureStatus-vista,1.4.10,active,,RadiologyProcedureStatus_VistA,RadiologyProcedureStatus VistA,"VistA Source ValueSet for Terminology Maps [VF_RadiologyProcedureStatus](ConceptMap-VF-RadiologyProcedureStatus.html)","ConceptMap/VF-RadiologyProcedureStatus","Other"
http://va.gov/fhir/ValueSet/RefillRequestStatus,1.4.10,active,,RefillRequestStatus,RefillRequestStatus FHIR,"FHIR Target ValueSet for Terminology Maps [VF_RefillRequestStatus](ConceptMap-VF-RefillRequestStatus.html)","ConceptMap/VF-RefillRequestStatus,StructureDefinition/MedRefillRequestMHVTask","hl7.fhir.r4.core"
http://va.gov/fhir/ValueSet/RefillRequestStatus-vista,1.4.10,active,,RefillRequestStatus_VistA,RefillRequestStatus VistA,"VistA Source ValueSet for Terminology Maps [VF_RefillRequestStatus](ConceptMap-VF-RefillRequestStatus.html)","ConceptMap/VF-RefillRequestStatus","Other"
http://va.gov/fhir/ValueSet/Religion,1.4.10,active,,Religion,Religion FHIR,"FHIR Target ValueSet for Terminology Maps [VF_Religion](ConceptMap-VF-Religion.html)","StructureDefinition/Patient,ConceptMap/VF-Religion","THO (V3)"
http://va.gov/fhir/ValueSet/Religion-vista,1.4.10,active,,Religion_VistA,Religion VistA,"VistA Source ValueSet for Terminology Maps [VF_Religion](ConceptMap-VF-Religion.html)","ConceptMap/VF-Religion","Other"
http://va.gov/fhir/ValueSet/SmokingStatus,1.4.10,active,,SmokingStatus,SmokingStatus FHIR,"FHIR Target ValueSet for Terminology Maps [VF_SmokingStatus](ConceptMap-VF-SmokingStatus.html)","ConceptMap/VF-SmokingStatus,StructureDefinition/SmokingStatusObservation","SCT"
http://va.gov/fhir/ValueSet/SmokingStatus-vista,1.4.10,active,,SmokingStatus_VistA,SmokingStatus VistA,"VistA Source ValueSet for Terminology Maps [VF_SmokingStatus](ConceptMap-VF-SmokingStatus.html)","ConceptMap/VF-SmokingStatus","Other"
http://va.gov/fhir/ValueSet/SourceOfAdmission,1.4.10,active,,SourceOfAdmission,SourceOfAdmission FHIR,"FHIR Target ValueSet for Terminology Maps [VF_SourceOfAdmission](ConceptMap-VF-SourceOfAdmission.html)","StructureDefinition/EncounterInpatientEncounter,ConceptMap/VF-SourceOfAdmission","THO"
http://va.gov/fhir/ValueSet/SourceOfAdmission-vista,1.4.10,active,,SourceOfAdmission_VistA,SourceOfAdmission VistA,"VistA Source ValueSet for Terminology Maps [VF_SourceOfAdmission](ConceptMap-VF-SourceOfAdmission.html)","ConceptMap/VF-SourceOfAdmission","Other"
http://va.gov/fhir/ValueSet/VSResourceServiceConnection,1.4.10,active,,VSResourceServiceConnection,VSResourceServiceConnection,"FHIR ValueSet for Extension ResourceServiceConnection","StructureDefinition/resource-serviceConnection","Other"
http://va.gov/fhir/ValueSet/VistaNCPDPCoverageRelationship,1.4.10,active,,VistaNCPDPCoverageRelationship,VistaNCPDPCoverageRelationship FHIR,"FHIR Target ValueSet for Terminology Maps [Vista_NCPDPCoverageRelationship](ConceptMap-Vista-NCPDPCoverageRelationship.html)","ConceptMap/Vista-NCPDPCoverageRelationship","Other"
http://va.gov/fhir/ValueSet/VistaNCPDPCoverageRelationship-vista,1.4.10,active,,VistaNCPDPCoverageRelationship_VistA,VistaNCPDPCoverageRelationship VistA,"VistA Source ValueSet for Terminology Maps [Vista_NCPDPCoverageRelationship](ConceptMap-Vista-NCPDPCoverageRelationship.html)","ConceptMap/Vista-NCPDPCoverageRelationship","Other"
http://va.gov/fhir/ValueSet/VitalsBodyPosition,1.4.10,active,,VitalsBodyPosition,VitalsBodyPosition FHIR,"FHIR Target ValueSet for Terminology Maps [VF_VitalsBodyPosition](ConceptMap-VF-VitalsBodyPosition.html)","ConceptMap/VF-VitalsBodyPosition,StructureDefinition/VitalSignsSpO2,StructureDefinition/VitalSignsBP,StructureDefinition/VitalSigns","SCT"
http://va.gov/fhir/ValueSet/VitalsBodyPosition-vista,1.4.10,active,,VitalsBodyPosition_VistA,VitalsBodyPosition VistA,"VistA Source ValueSet for Terminology Maps [VF_VitalsBodyPosition](ConceptMap-VF-VitalsBodyPosition.html)","ConceptMap/VF-VitalsBodyPosition","THO"
http://va.gov/fhir/ValueSet/VitalsBodySite,1.4.10,active,,VitalsBodySite,VitalsBodySite FHIR,"FHIR Target ValueSet for Terminology Maps [VF_VitalsBodySite](ConceptMap-VF-VitalsBodySite.html)","StructureDefinition/VitalSignsSpO2,StructureDefinition/VitalSignsBP,ConceptMap/VF-VitalsBodySite,StructureDefinition/VitalSigns","SCT"
http://va.gov/fhir/ValueSet/VitalsBodySite-vista,1.4.10,active,,VitalsBodySite_VistA,VitalsBodySite VistA,"VistA Source ValueSet for Terminology Maps [VF_VitalsBodySite](ConceptMap-VF-VitalsBodySite.html)","ConceptMap/VF-VitalsBodySite","THO"
http://va.gov/fhir/ValueSet/VitalsCodes,1.4.10,active,,VitalsCodes,VitalsCodes FHIR,"FHIR Target ValueSet for Terminology Maps [VF_VitalsCodes](ConceptMap-VF-VitalsCodes.html)","StructureDefinition/VitalSignsSpO2,StructureDefinition/VitalSignsBP,ConceptMap/VF-VitalsCodes,StructureDefinition/VitalSigns","LOINC"
http://va.gov/fhir/ValueSet/VitalsCodes-vista,1.4.10,active,,VitalsCodes_VistA,VitalsCodes VistA,"VistA Source ValueSet for Terminology Maps [VF_VitalsCodes](ConceptMap-VF-VitalsCodes.html)","ConceptMap/VF-VitalsCodes","THO"
http://va.gov/fhir/ValueSet/VitalsCuffSize,1.4.10,active,,VitalsCuffSize,VitalsCuffSize FHIR,"FHIR Target ValueSet for Terminology Maps [VF_VitalsCuffSize](ConceptMap-VF-VitalsCuffSize.html)","StructureDefinition/VitalSignsBP,ConceptMap/VF-VitalsCuffSize","SCT"
http://va.gov/fhir/ValueSet/VitalsCuffSize-vista,1.4.10,active,,VitalsCuffSize_VistA,VitalsCuffSize VistA,"VistA Source ValueSet for Terminology Maps [VF_VitalsCuffSize](ConceptMap-VF-VitalsCuffSize.html)","ConceptMap/VF-VitalsCuffSize","Other"
http://va.gov/fhir/ValueSet/VitalsLaterality,1.4.10,active,,VitalsLaterality,VitalsLaterality FHIR,"FHIR Target ValueSet for Terminology Maps [VF_VitalsLaterality](ConceptMap-VF-VitalsLaterality.html)","ConceptMap/VF-VitalsLaterality","SCT"
http://va.gov/fhir/ValueSet/VitalsLaterality-vista,1.4.10,active,,VitalsLaterality_VistA,VitalsLaterality VistA,"VistA Source ValueSet for Terminology Maps [VF_VitalsLaterality](ConceptMap-VF-VitalsLaterality.html)","ConceptMap/VF-VitalsLaterality","THO"
http://va.gov/fhir/ValueSet/VitalsMeasurementDevice,1.4.10,active,,VitalsMeasurementDevice,VitalsMeasurementDevice FHIR,"FHIR Target ValueSet for Terminology Maps [VF_VitalsMeasurementDevice](ConceptMap-VF-VitalsMeasurementDevice.html)","StructureDefinition/VitalSignsSpO2,StructureDefinition/VitalSignsBP,StructureDefinition/VitalSigns,ConceptMap/VF-VitalsMeasurementDevice","SCT"
http://va.gov/fhir/ValueSet/VitalsMeasurementDevice-vista,1.4.10,active,,VitalsMeasurementDevice_VistA,VitalsMeasurementDevice VistA,"VistA Source ValueSet for Terminology Maps [VF_VitalsMeasurementDevice](ConceptMap-VF-VitalsMeasurementDevice.html)","ConceptMap/VF-VitalsMeasurementDevice","THO"
http://va.gov/fhir/ValueSet/VitalsMethod,1.4.10,active,,VitalsMethod,VitalsMethod FHIR,"FHIR Target ValueSet for Terminology Maps [VF_VitalsMethod](ConceptMap-VF-VitalsMethod.html)","StructureDefinition/VitalSignsSpO2,StructureDefinition/VitalSignsBP,StructureDefinition/VitalSigns,ConceptMap/VF-VitalsMethod","SCT"
http://va.gov/fhir/ValueSet/VitalsMethod-vista,1.4.10,active,,VitalsMethod_VistA,VitalsMethod VistA,"VistA Source ValueSet for Terminology Maps [VF_VitalsMethod](ConceptMap-VF-VitalsMethod.html)","ConceptMap/VF-VitalsMethod","THO"
http://va.gov/fhir/ValueSet/VitalsPrecondition,1.4.10,active,,VitalsPrecondition,VitalsPrecondition FHIR,"FHIR Target ValueSet for Terminology Maps [VF_VitalsPrecondition](ConceptMap-VF-VitalsPrecondition.html)","StructureDefinition/VitalSignsSpO2,StructureDefinition/VitalSignsBP,ConceptMap/VF-VitalsPrecondition,StructureDefinition/VitalSigns","SCT"
http://va.gov/fhir/ValueSet/VitalsPrecondition-vista,1.4.10,active,,VitalsPrecondition_VistA,VitalsPrecondition VistA,"VistA Source ValueSet for Terminology Maps [VF_VitalsPrecondition](ConceptMap-VF-VitalsPrecondition.html)","ConceptMap/VF-VitalsPrecondition","THO"
http://va.gov/fhir/ValueSet/VitalsQualifyingDevice,1.4.10,active,,VitalsQualifyingDevice,VitalsQualifyingDevice FHIR,"FHIR Target ValueSet for Terminology Maps [VF_VitalsQualifyingDevice](ConceptMap-VF-VitalsQualifyingDevice.html)","StructureDefinition/VitalSignsSpO2,StructureDefinition/VitalSignsBP,StructureDefinition/VitalSigns,ConceptMap/VF-VitalsQualifyingDevice","SCT"
http://va.gov/fhir/ValueSet/VitalsQualifyingDevice-vista,1.4.10,active,,VitalsQualifyingDevice_VistA,VitalsQualifyingDevice VistA,"VistA Source ValueSet for Terminology Maps [VF_VitalsQualifyingDevice](ConceptMap-VF-VitalsQualifyingDevice.html)","ConceptMap/VF-VitalsQualifyingDevice","THO"
http://va.gov/fhir/ValueSet/VitalsUnits,1.4.10,active,,VitalsUnits,VitalsUnits FHIR,"FHIR Target ValueSet for Terminology Maps [VF_VitalsUnits](ConceptMap-VF-VitalsUnits.html)","ConceptMap/VF-VitalsUnits","UCUM"
http://va.gov/fhir/ValueSet/VitalsUnits-vista,1.4.10,active,,VitalsUnits_VistA,VitalsUnits VistA,"VistA Source ValueSet for Terminology Maps [VF_VitalsUnits](ConceptMap-VF-VitalsUnits.html)","ConceptMap/VF-VitalsUnits","THO"
http://va.gov/fhir/ValueSet/YesNo10,1.4.10,active,,YesNo10,YesNo10 FHIR,"FHIR Target ValueSet for Terminology Maps [VF_YesNo10](ConceptMap-VF-YesNo10.html)","ConceptMap/VF-YesNo10","THO (V2)"
http://va.gov/fhir/ValueSet/YesNo10-vista,1.4.10,active,,YesNo10_VistA,YesNo10 VistA,"VistA Source ValueSet for Terminology Maps [VF_YesNo10](ConceptMap-VF-YesNo10.html)","ConceptMap/VF-YesNo10","Other"
http://va.gov/fhir/ValueSet/adminGender,1.4.10,active,,AdminGender,adminGender FHIR,"FHIR Target ValueSet for Terminology Maps [VF_adminGender](ConceptMap-VF-adminGender.html)","StructureDefinition/Patient,ConceptMap/VF-adminGender","hl7.fhir.r4.core"
http://va.gov/fhir/ValueSet/adminGender-vista,1.4.10,active,,AdminGender_VistA,adminGender VistA,"VistA Source ValueSet for Terminology Maps [VF_adminGender](ConceptMap-VF-adminGender.html)","ConceptMap/VF-adminGender","Other"
http://va.gov/fhir/ValueSet/allergyActive,1.4.10,active,,AllergyActive,allergyActive FHIR,"FHIR Target ValueSet for Terminology Maps [VF_allergyActive](ConceptMap-VF-allergyActive.html)","StructureDefinition/AllergyIntolerance,ConceptMap/VF-allergyActive","THO"
http://va.gov/fhir/ValueSet/allergyActive-vista,1.4.10,active,,AllergyActive_VistA,allergyActive VistA,"VistA Source ValueSet for Terminology Maps [VF_allergyActive](ConceptMap-VF-allergyActive.html)","ConceptMap/VF-allergyActive","Other"
http://va.gov/fhir/ValueSet/allergyEnteredInError,1.4.10,active,,AllergyEnteredInError,allergyEnteredInError FHIR,"FHIR Target ValueSet for Terminology Maps [VF_allergyEnteredInError](ConceptMap-VF-allergyEnteredInError.html)","StructureDefinition/AllergyIntolerance,ConceptMap/VF-allergyEnteredInError","THO"
http://va.gov/fhir/ValueSet/allergyEnteredInError-vista,1.4.10,active,,AllergyEnteredInError_VistA,allergyEnteredInError VistA,"VistA Source ValueSet for Terminology Maps [VF_allergyEnteredInError](ConceptMap-VF-allergyEnteredInError.html)","ConceptMap/VF-allergyEnteredInError","Other"
http://va.gov/fhir/ValueSet/allergyMechanism,1.4.10,active,,AllergyMechanism,allergyMechanism FHIR,"FHIR Target ValueSet for Terminology Maps [VF_allergyMechanism](ConceptMap-VF-allergyMechanism.html)","StructureDefinition/AllergyIntolerance,ConceptMap/VF-allergyMechanism","hl7.fhir.r4.core"
http://va.gov/fhir/ValueSet/allergyMechanism-vista,1.4.10,active,,AllergyMechanism_VistA,allergyMechanism VistA,"VistA Source ValueSet for Terminology Maps [VF_allergyMechanism](ConceptMap-VF-allergyMechanism.html)","ConceptMap/VF-allergyMechanism","Other"
http://va.gov/fhir/ValueSet/allergySeverity,1.4.10,active,,AllergySeverity,allergySeverity FHIR,"FHIR Target ValueSet for Terminology Maps [VF_allergySeverity](ConceptMap-VF-allergySeverity.html)","StructureDefinition/AllergyIntolerance,ConceptMap/VF-allergySeverity","hl7.fhir.r4.core"
http://va.gov/fhir/ValueSet/allergySeverity-vista,1.4.10,active,,AllergySeverity_VistA,allergySeverity VistA,"VistA Source ValueSet for Terminology Maps [VF_allergySeverity](ConceptMap-VF-allergySeverity.html)","ConceptMap/VF-allergySeverity","Other"
http://va.gov/fhir/ValueSet/allergySubstanceCategory,1.4.10,active,,AllergySubstanceCategory,allergySubstanceCategory FHIR,"FHIR Target ValueSet for Terminology Maps [VF_allergySubstanceCategory](ConceptMap-VF-allergySubstanceCategory.html)","ConceptMap/VF-allergySubstanceCategory,StructureDefinition/AllergyIntolerance","hl7.fhir.r4.core"
http://va.gov/fhir/ValueSet/allergySubstanceCategory-vista,1.4.10,active,,AllergySubstanceCategory_VistA,allergySubstanceCategory VistA,"VistA Source ValueSet for Terminology Maps [VF_allergySubstanceCategory](ConceptMap-VF-allergySubstanceCategory.html)","ConceptMap/VF-allergySubstanceCategory","Other"
http://va.gov/fhir/ValueSet/allergyVerificationStatus,1.4.10,active,,AllergyVerificationStatus,allergyVerificationStatus FHIR,"FHIR Target ValueSet for Terminology Maps [VF_allergyVerificationStatus](ConceptMap-VF-allergyVerificationStatus.html)","ConceptMap/VF-allergyVerificationStatus","THO"
http://va.gov/fhir/ValueSet/allergyVerificationStatus-vista,1.4.10,active,,AllergyVerificationStatus_VistA,allergyVerificationStatus VistA,"VistA Source ValueSet for Terminology Maps [VF_allergyVerificationStatus](ConceptMap-VF-allergyVerificationStatus.html)","ConceptMap/VF-allergyVerificationStatus","Other"
http://va.gov/fhir/ValueSet/birthSex,1.4.10,active,,BirthSex,birthSex FHIR,"FHIR Target ValueSet for Terminology Maps [VF_birthSex](ConceptMap-VF-birthSex.html)","ConceptMap/VF-birthSex","THO (V3)"
http://va.gov/fhir/ValueSet/birthSex-vista,1.4.10,active,,BirthSex_VistA,birthSex VistA,"VistA Source ValueSet for Terminology Maps [VF_birthSex](ConceptMap-VF-birthSex.html)","ConceptMap/VF-birthSex","Other"
http://va.gov/fhir/ValueSet/deviceTypePacemaker,1.4.10,active,,DeviceTypePacemaker,deviceTypePacemaker FHIR,"FHIR Target ValueSet for Terminology Maps [VF_deviceTypePacemaker](ConceptMap-VF-deviceTypePacemaker.html)","StructureDefinition/ImplantableDevicePacemaker,StructureDefinition/ImplantableDeviceALead,StructureDefinition/ImplantableDeviceVLead,ConceptMap/VF-deviceTypePacemaker,StructureDefinition/ImplantableDeviceTransmitter","SCT"
http://va.gov/fhir/ValueSet/deviceTypePacemaker-vista,1.4.10,active,,DeviceTypePacemaker_VistA,deviceTypePacemaker VistA,"VistA Source ValueSet for Terminology Maps [VF_deviceTypePacemaker](ConceptMap-VF-deviceTypePacemaker.html)","ConceptMap/VF-deviceTypePacemaker","Other"
http://va.gov/fhir/ValueSet/documentReferencedocStatus,1.4.10,active,,DocumentReferencedocStatus,documentReferencedocStatus FHIR,"FHIR Target ValueSet for Terminology Maps [VF_documentReferencedocStatus](ConceptMap-VF-documentReferencedocStatus.html)","ConceptMap/VF-documentReferencedocStatus","hl7.fhir.r4.core"
http://va.gov/fhir/ValueSet/documentReferencedocStatus-vista,1.4.10,active,,DocumentReferencedocStatus_VistA,documentReferencedocStatus VistA,"VistA Source ValueSet for Terminology Maps [VF_documentReferencedocStatus](ConceptMap-VF-documentReferencedocStatus.html)","ConceptMap/VF-documentReferencedocStatus","THO"
http://va.gov/fhir/ValueSet/encounterClass,1.4.10,active,,EncounterClass,encounterClass FHIR,"FHIR Target ValueSet for Terminology Maps [VF_encounterClass](ConceptMap-VF-encounterClass.html)","StructureDefinition/EncounterOutpatient,ConceptMap/VF-encounterClass","THO (V3)"
http://va.gov/fhir/ValueSet/encounterClass-vista,1.4.10,active,,EncounterClass_VistA,encounterClass VistA,"VistA Source ValueSet for Terminology Maps [VF_encounterClass](ConceptMap-VF-encounterClass.html)","ConceptMap/VF-encounterClass","Other"
http://va.gov/fhir/ValueSet/encounterParticipationType,1.4.10,active,,EncounterParticipationType,encounterParticipationType FHIR,"FHIR Target ValueSet for Terminology Maps [VF_encounterParticipationType](ConceptMap-VF-encounterParticipationType.html)","StructureDefinition/EncounterOutpatient,ConceptMap/VF-encounterParticipationType","THO (V3)"
http://va.gov/fhir/ValueSet/encounterParticipationType-vista,1.4.10,active,,EncounterParticipationType_VistA,encounterParticipationType VistA,"VistA Source ValueSet for Terminology Maps [VF_encounterParticipationType](ConceptMap-VF-encounterParticipationType.html)","ConceptMap/VF-encounterParticipationType","Other"
http://va.gov/fhir/ValueSet/encounterProblemStatus,1.4.10,active,,EncounterProblemStatus,encounterProblemStatus FHIR,"FHIR Target ValueSet for Terminology Maps [VF_encounterProblemStatus](ConceptMap-VF-encounterProblemStatus.html)","StructureDefinition/ConditionEncounterDiagnosis,ConceptMap/VF-encounterProblemStatus","THO"
http://va.gov/fhir/ValueSet/encounterProblemStatus-vista,1.4.10,active,,EncounterProblemStatus_VistA,encounterProblemStatus VistA,"VistA Source ValueSet for Terminology Maps [VF_encounterProblemStatus](ConceptMap-VF-encounterProblemStatus.html)","ConceptMap/VF-encounterProblemStatus","Other"
http://va.gov/fhir/ValueSet/encounterProblemVerificationStatus,1.4.10,active,,EncounterProblemVerificationStatus,encounterProblemVerificationStatus FHIR,"FHIR Target ValueSet for Terminology Maps [VF_encounterProblemVerificationStatus](ConceptMap-VF-encounterProblemVerificationStatus.html)","StructureDefinition/ConditionEncounterDiagnosis,ConceptMap/VF-encounterProblemVerificationStatus","THO"
http://va.gov/fhir/ValueSet/encounterProblemVerificationStatus-vista,1.4.10,active,,EncounterProblemVerificationStatus_VistA,encounterProblemVerificationStatus VistA,"VistA Source ValueSet for Terminology Maps [VF_encounterProblemVerificationStatus](ConceptMap-VF-encounterProblemVerificationStatus.html)","ConceptMap/VF-encounterProblemVerificationStatus","Other"
http://va.gov/fhir/ValueSet/ethnicityCategory,1.4.10,active,,EthnicityCategory,ethnicityCategory FHIR,"FHIR Target ValueSet for Terminology Maps [VF_ethnicityCategory](ConceptMap-VF-ethnicityCategory.html)","StructureDefinition/Patient,ConceptMap/VF-ethnicityCategory","THO (V3),hl7.fhir.us.core"
http://va.gov/fhir/ValueSet/ethnicityCategory-vista,1.4.10,active,,EthnicityCategory_VistA,ethnicityCategory VistA,"VistA Source ValueSet for Terminology Maps [VF_ethnicityCategory](ConceptMap-VF-ethnicityCategory.html)","ConceptMap/VF-ethnicityCategory","Other"
http://va.gov/fhir/ValueSet/genderIdentity,1.4.10,active,,GenderIdentity,genderIdentity FHIR,"FHIR Target ValueSet for Terminology Maps [VF_genderIdentity](ConceptMap-VF-genderIdentity.html)","StructureDefinition/Patient,ConceptMap/VF-genderIdentity","hl7.fhir.r4.core"
http://va.gov/fhir/ValueSet/genderIdentity-vista,1.4.10,active,,GenderIdentity_VistA,genderIdentity VistA,"VistA Source ValueSet for Terminology Maps [VF_genderIdentity](ConceptMap-VF-genderIdentity.html)","ConceptMap/VF-genderIdentity","Other"
http://va.gov/fhir/ValueSet/immunizationPrimarySource,1.4.10,active,,ImmunizationPrimarySource,immunizationPrimarySource FHIR,"FHIR Target ValueSet for Terminology Maps [VF_immunizationPrimarySource](ConceptMap-VF-immunizationPrimarySource.html)","ConceptMap/VF-immunizationPrimarySource","FHIR"
http://va.gov/fhir/ValueSet/immunizationPrimarySource-vista,1.4.10,active,,ImmunizationPrimarySource_VistA,immunizationPrimarySource VistA,"VistA Source ValueSet for Terminology Maps [VF_immunizationPrimarySource](ConceptMap-VF-immunizationPrimarySource.html)","ConceptMap/VF-immunizationPrimarySource","THO"
http://va.gov/fhir/ValueSet/immunizationStatusReason,1.4.10,active,,ImmunizationStatusReason,immunizationStatusReason FHIR,"FHIR Target ValueSet for Terminology Maps [VF_immunizationStatusReason](ConceptMap-VF-immunizationStatusReason.html)","ConceptMap/VF-immunizationStatusReason,StructureDefinition/ImmunizationImmunization","THO (V3)"
http://va.gov/fhir/ValueSet/immunizationStatusReason-vista,1.4.10,active,,ImmunizationStatusReason_VistA,immunizationStatusReason VistA,"VistA Source ValueSet for Terminology Maps [VF_immunizationStatusReason](ConceptMap-VF-immunizationStatusReason.html)","ConceptMap/VF-immunizationStatusReason","Other"
http://va.gov/fhir/ValueSet/inferredCVX,1.4.10,active,,InferredCVX,inferredCVX FHIR,"FHIR Target ValueSet for Terminology Maps [VF_inferredCVX](ConceptMap-VF-inferredCVX.html)","ConceptMap/VF-inferredCVX,StructureDefinition/ImmunizationImmunization","hl7.terminology.r4"
http://va.gov/fhir/ValueSet/inferredCVX-vista,1.4.10,active,,InferredCVX_VistA,inferredCVX VistA,"VistA Source ValueSet for Terminology Maps [VF_inferredCVX](ConceptMap-VF-inferredCVX.html)","ConceptMap/VF-inferredCVX","Other"
http://va.gov/fhir/ValueSet/problemStatus,1.4.10,active,,ProblemStatus,problemStatus FHIR,"FHIR Target ValueSet for Terminology Maps [VF_problemStatus](ConceptMap-VF-problemStatus.html)","StructureDefinition/ConditionProblem,ConceptMap/VF-problemStatus","THO"
http://va.gov/fhir/ValueSet/problemStatus-vista,1.4.10,active,,ProblemStatus_VistA,problemStatus VistA,"VistA Source ValueSet for Terminology Maps [VF_problemStatus](ConceptMap-VF-problemStatus.html)","ConceptMap/VF-problemStatus","Other"
http://va.gov/fhir/ValueSet/problemVerificationStatus,1.4.10,active,,ProblemVerificationStatus,problemVerificationStatus FHIR,"FHIR Target ValueSet for Terminology Maps [VF_problemVerificationStatus](ConceptMap-VF-problemVerificationStatus.html)","ConceptMap/VF-problemVerificationStatus,StructureDefinition/ConditionProblem","THO"
http://va.gov/fhir/ValueSet/problemVerificationStatus-vista,1.4.10,active,,ProblemVerificationStatus_VistA,problemVerificationStatus VistA,"VistA Source ValueSet for Terminology Maps [VF_problemVerificationStatus](ConceptMap-VF-problemVerificationStatus.html)","ConceptMap/VF-problemVerificationStatus","Other"
http://va.gov/fhir/ValueSet/providerGender,1.4.10,active,,ProviderGender,providerGender FHIR,"FHIR Target ValueSet for Terminology Maps [VF_providerGender](ConceptMap-VF-providerGender.html)","ConceptMap/VF-providerGender,StructureDefinition/Practitioner","hl7.fhir.r4.core"
http://va.gov/fhir/ValueSet/providerGender-vista,1.4.10,active,,ProviderGender_VistA,providerGender VistA,"VistA Source ValueSet for Terminology Maps [VF_providerGender](ConceptMap-VF-providerGender.html)","ConceptMap/VF-providerGender","Other"
http://va.gov/fhir/ValueSet/raceCategory,1.4.10,active,,RaceCategory,raceCategory FHIR,"FHIR Target ValueSet for Terminology Maps [VF_raceCategory](ConceptMap-VF-raceCategory.html)","StructureDefinition/Patient,ConceptMap/VF-raceCategory","THO (V3),hl7.fhir.us.core"
http://va.gov/fhir/ValueSet/raceCategory-vista,1.4.10,active,,RaceCategory_VistA,raceCategory VistA,"VistA Source ValueSet for Terminology Maps [VF_raceCategory](ConceptMap-VF-raceCategory.html)","ConceptMap/VF-raceCategory","Other"
